City_ID,City,Country,Lat,Lng,Max Temp,Humidity,Cloudiness,Wind Speed,Current Description
0,Ushuaia,AR,-54.8,-68.3,267.04,91,50,1.91,scattered clouds
1,Mackenzie,CA,55.2999,-123.1698,289.82,64,100,1.17,overcast clouds
2,Vaini,TO,-21.2,-175.2,295.36,63,91,9.45,overcast clouds
3,Ancud,CL,-41.8697,-73.8203,278.83,92,100,1.22,light rain
4,Kijang,KR,35.2442,129.2139,299.6,79,100,7.09,overcast clouds
5,Sochi,RU,43.6,39.7303,292.2,66,9,1.06,clear sky
6,Katsuura,JP,35.1333,140.3,300.86,75,99,6.38,overcast clouds
7,Camar,RO,47.3,22.6167,293.88,60,64,2.36,broken clouds
8,Sisimiut,GL,66.9395,-53.6735,278.69,92,49,1.85,scattered clouds
9,Faanui,PF,-16.4833,-151.75,299.55,73,7,5.21,light rain
10,Iqaluit,CA,63.7506,-68.5145,277.56,97,98,1.11,overcast clouds
11,Kapaa,US,22.0752,-159.319,301.14,77,27,2.24,scattered clouds
12,Mahebourg,MU,-20.4081,57.7,294.66,72,53,6.94,broken clouds
13,Camacha,PT,33.0833,-16.3333,292.83,88,20,2.06,few clouds
14,San Ignacio,BZ,17.1561,-89.0714,295.84,99,99,0.89,overcast clouds
15,Albany,US,42.6001,-73.9662,294.77,65,62,1.16,broken clouds
16,Brigantine,US,39.4101,-74.3646,297.94,87,1,4.24,clear sky
17,Rocha,UY,-34.4833,-54.3333,288.74,94,60,2.14,broken clouds
18,Kendari,ID,-3.945,122.4989,299.41,70,57,3.46,broken clouds
19,Rikitea,PF,-23.1203,-134.9692,296.08,64,2,2.85,clear sky
20,Vila Velha,BR,-20.3297,-40.2925,293.37,84,9,2.27,clear sky
21,Caravelas,BR,-17.7125,-39.2481,293.32,79,2,1.85,clear sky
22,Butaritari,KI,3.0707,172.7902,301.07,76,67,7.42,light rain
23,Pierre,US,44.3683,-100.351,298.74,71,0,2.06,clear sky
24,Samana,DO,19.2056,-69.3369,298.26,87,33,4.5,scattered clouds
25,Hermanus,ZA,-34.4187,19.2345,281.37,71,95,3.76,overcast clouds
26,San Quintin,MX,30.4833,-115.95,292.34,85,11,2.29,few clouds
27,Lethem,GY,3.3803,-59.7968,296.6,93,100,1.54,overcast clouds
28,Macomb,US,40.4592,-90.6718,302.43,37,100,6.65,overcast clouds
29,Vostok,RU,46.4856,135.8833,292.44,89,91,1.44,overcast clouds
30,Lebu,CL,-37.6167,-73.65,284.02,92,100,0.96,overcast clouds
31,Punta Arenas,CL,-53.15,-70.9167,273.21,71,71,3.87,broken clouds
32,Kodiak,US,57.79,-152.4072,283.88,93,100,8.23,light rain
33,Qaanaaq,GL,77.484,-69.3632,276.13,99,100,0.29,overcast clouds
34,Rincon,US,32.296,-81.2354,301.4,93,0,2.57,clear sky
35,Severo-Kurilsk,RU,50.6789,156.125,286.71,91,98,3.05,overcast clouds
36,Mataura,NZ,-46.1927,168.8643,281.19,90,3,0.42,clear sky
37,Katangli,RU,51.7102,143.2326,290.6,80,74,5.26,broken clouds
38,Sistranda,NO,63.7256,8.834,285.62,84,100,3.48,overcast clouds
39,Port Alfred,ZA,-33.5906,26.891,286.95,73,77,9.05,light rain
40,Tiksi,RU,71.6872,128.8694,281.7,74,49,3.37,scattered clouds
41,Kalmunai,LK,7.4167,81.8167,302.74,63,100,0.33,moderate rain
42,Cidreira,BR,-30.1811,-50.2056,289.4,98,100,2.73,overcast clouds
43,Alofi,NU,-19.0595,-169.9187,296.37,63,94,9.14,overcast clouds
44,Portland,US,45.5234,-122.6762,294.14,71,0,3.09,clear sky
45,Pisco,PE,-13.7,-76.2167,287.59,91,33,0.92,scattered clouds
46,Yellowknife,CA,62.456,-114.3525,290.42,50,42,3.69,scattered clouds
47,Codrington,AU,-38.2667,141.9667,290.5,68,29,4.69,scattered clouds
48,Khatanga,RU,71.9667,102.5,299.82,39,26,5.27,scattered clouds
49,Escanaba,US,45.7453,-87.0646,292.21,96,77,2.03,broken clouds
50,East London,ZA,-33.0153,27.9116,286.58,69,55,9.09,broken clouds
51,Asau,RO,46.4333,26.4,292.66,45,21,1.58,few clouds
52,Jamestown,US,42.097,-79.2353,289.94,96,19,2.63,few clouds
53,Busselton,AU,-33.65,115.3333,287.32,55,81,4.33,broken clouds
54,Loja,EC,-3.9931,-79.2042,285.13,96,70,0.87,broken clouds
55,Barrow,US,71.2906,-156.7887,274.53,91,100,4.62,overcast clouds
56,Bluff,NZ,-46.6,168.3333,281.37,79,8,1.86,clear sky
57,Camocim,BR,-2.9022,-40.8411,298.4,83,71,6.57,broken clouds
58,Norman Wells,CA,65.282,-126.8329,289.84,56,98,2.81,overcast clouds
59,Sao Filipe,CV,14.8961,-24.4956,297.76,88,100,1.92,light rain
60,Gat,IL,31.61,34.7642,298.84,65,2,1.47,clear sky
61,Thompson,CA,55.7435,-97.8558,285.6,67,100,2.36,overcast clouds
62,Sao Felix Do Xingu,BR,-6.6447,-51.995,293.5,58,42,0.54,scattered clouds
63,Seddon,AU,-37.8068,144.8916,290.07,58,14,4.23,few clouds
64,Yerbogachen,RU,61.2767,108.0108,298.65,53,62,3.43,broken clouds
65,Kunigal,IN,13.0222,77.0267,298.05,68,99,6.16,overcast clouds
66,Ponta Delgada,PT,37.7333,-25.6667,296.76,88,75,1.03,broken clouds
67,Rawlins,US,41.7911,-107.2387,289.09,67,0,3.6,clear sky
68,Saint-Philippe,RE,-21.3585,55.7679,293.57,81,70,5.04,light rain
69,Upernavik,GL,72.7868,-56.1549,278.89,97,100,1.02,overcast clouds
70,Caxito,AO,-8.5785,13.6643,291.56,97,33,0.88,scattered clouds
71,Talnakh,RU,69.4865,88.3972,296.6,56,100,2.87,overcast clouds
72,Lagoa,PT,39.05,-27.9833,295.42,91,1,4.66,clear sky
73,Hovd,MN,48.0056,91.6419,295.43,28,35,3.6,scattered clouds
74,Castro,BR,-24.7911,-50.0119,286.61,76,69,1.49,broken clouds
75,New Norfolk,AU,-42.7826,147.0587,288.66,80,51,0.57,broken clouds
76,Loreto,MX,22.2667,-101.9667,290.26,69,59,4.51,broken clouds
77,Svetlyy,RU,54.675,20.1347,290.31,89,75,7.42,broken clouds
78,Arlit,NE,18.7369,7.3853,304.77,35,59,3.56,broken clouds
79,Mar Del Plata,AR,-38.0023,-57.5575,283.76,97,100,0.89,overcast clouds
80,Hasaki,JP,35.7333,140.8333,300.3,75,80,8.91,broken clouds
81,Maragogi,BR,-9.0122,-35.2225,296.63,82,58,5.4,broken clouds
82,Tuktoyaktuk,CA,69.4541,-133.0374,276.71,95,100,4.68,light rain
83,Juanjui,PE,-7.1779,-76.7314,294.67,93,10,0.75,clear sky
84,Esperance,AU,-33.8667,121.9,286.88,56,88,9.13,light rain
85,Christchurch,NZ,-43.5333,172.6333,281.2,86,100,1.49,overcast clouds
86,Ust-Kuyga,RU,70.0167,135.6,297.2,44,18,1.47,few clouds
87,Provideniya,RU,64.3833,-173.3,279.99,86,100,2.71,overcast clouds
88,Atuona,PF,-9.8,-139.0333,298.38,70,24,7.2,few clouds
89,Carnarvon,AU,-24.8667,113.6333,292.4,43,12,7.42,few clouds
90,Sao Joao Da Barra,BR,-21.6403,-41.0511,294.82,84,2,6.16,clear sky
91,Azanka,RU,58.0401,64.7893,293.67,49,91,2.61,overcast clouds
92,Olafsvik,IS,64.8945,-23.7142,283.97,83,65,2.22,broken clouds
93,Cape Town,ZA,-33.9258,18.4232,285.32,70,0,2.68,clear sky
94,Tuatapere,NZ,-46.1333,167.6833,280.59,89,17,1.42,few clouds
95,Isangel,VU,-19.55,169.2667,299.46,77,1,4.95,clear sky
96,Hithadhoo,MV,-0.6,73.0833,300.73,71,100,0.6,overcast clouds
97,Ganzhou,CN,28.8184,115.4327,309.2,50,56,2.98,broken clouds
98,Airai,TL,-8.9266,125.4092,294.51,47,25,1.64,scattered clouds
99,Avarua,CK,-21.2078,-159.775,294.18,52,93,1.54,overcast clouds
100,Kupino,RU,54.3663,77.2981,287.57,78,100,4.45,light rain
101,Shihezi,CN,44.3,86.0333,306.51,23,39,2.87,scattered clouds
102,Dikson,RU,73.5069,80.5464,283.71,70,100,7.02,overcast clouds
103,Listvyanskiy,RU,54.4399,83.4984,290.54,74,87,5.97,light rain
104,Ialibu,PG,-6.2821,143.9935,291.17,88,76,1.3,moderate rain
105,Tasiilaq,GL,65.6145,-37.6368,274.99,91,75,4.1,broken clouds
106,Kungurtug,RU,50.5994,97.5228,293.64,37,11,0.94,few clouds
107,Auki,SB,-8.7676,160.7034,302.25,68,23,1.29,few clouds
108,Bandarbeyla,SO,9.4942,50.8122,300.88,59,50,12.87,scattered clouds
109,Georgetown,MY,5.4112,100.3354,302.24,70,98,2.79,overcast clouds
110,Ponta Do Sol,PT,32.6667,-17.1,296.55,60,5,0.83,clear sky
111,Longyearbyen,SJ,78.2186,15.6401,281.06,93,75,3.6,mist
112,Namibe,AO,-15.1961,12.1522,289.77,90,1,0.87,clear sky
113,Pouebo,NC,-20.4,164.5667,298.18,70,34,3.25,scattered clouds
114,Hammerfest,NO,70.6634,23.6821,283.0,83,98,7.49,overcast clouds
115,Arraial Do Cabo,BR,-22.9661,-42.0278,294.65,88,15,9.84,few clouds
116,Agirish,RU,61.9247,63.0231,291.8,46,52,3.02,broken clouds
117,Kalaleh,IR,37.3807,55.4916,298.59,78,93,2.3,overcast clouds
118,Keskin,TR,39.6731,33.6136,289.75,55,0,2.69,clear sky
119,Ostrovnoy,RU,68.0531,39.5131,284.29,86,97,4.21,overcast clouds
120,Deputatskiy,RU,69.3,139.9,291.42,43,29,5.87,scattered clouds
121,Cherskiy,RU,68.75,161.3,290.21,40,63,4.65,broken clouds
122,Coolum Beach,AU,-26.5333,153.1,294.32,64,38,5.29,scattered clouds
123,Kingston Upon Hull,GB,53.7446,-0.3353,290.91,56,75,6.69,broken clouds
124,Yulara,AU,-25.2406,130.9889,299.68,18,0,10.63,clear sky
125,Baiyin,CN,36.5583,104.2081,301.68,36,2,1.59,clear sky
126,Verkhnevilyuysk,RU,63.4453,120.3167,299.95,46,30,4.44,scattered clouds
127,Praia Da Vitoria,PT,38.7333,-27.0667,294.68,97,18,1.59,few clouds
128,Kutum,SD,14.2,24.6667,297.65,59,98,4.21,overcast clouds
129,Nanortalik,GL,60.1432,-45.2371,279.52,91,100,3.57,overcast clouds
130,Guerrero Negro,MX,27.9769,-114.0611,292.79,80,60,6.25,broken clouds
131,Manaus,BR,-3.1019,-60.025,299.42,89,0,1.03,clear sky
132,Cervo,ES,43.6702,-7.4101,290.91,86,6,0.73,clear sky
133,Vitim,RU,59.4511,112.5578,304.75,40,22,1.82,few clouds
134,Najran,SA,17.4924,44.1277,299.21,55,89,3.21,overcast clouds
135,Tiarei,PF,-17.5333,-149.3333,299.42,76,4,7.71,light rain
136,Kaitangata,NZ,-46.2817,169.8464,278.43,78,5,0.94,clear sky
137,Mocuba,MZ,-16.8392,36.9856,290.88,88,5,1.18,clear sky
138,Ilulissat,GL,69.2167,-51.1,276.83,98,100,0.83,overcast clouds
139,Botwood,CA,49.1499,-55.3482,289.16,82,0,2.04,clear sky
140,Taywarah,AF,33.35,64.4167,297.52,23,10,1.44,clear sky
141,San Cristobal,VE,7.7669,-72.225,294.25,86,6,0.62,clear sky
142,Chokurdakh,RU,70.6333,147.9167,293.21,31,84,4.63,broken clouds
143,Puerto Ayora,EC,-0.7393,-90.3518,294.01,91,63,3.58,broken clouds
144,Nikolskoye,RU,59.7035,30.7861,290.83,91,99,2.16,overcast clouds
145,Matara,LK,5.9485,80.5353,301.19,74,92,6.28,overcast clouds
146,Shaunavon,CA,49.6501,-108.4181,288.0,57,0,2.95,clear sky
147,Hilo,US,19.7297,-155.09,298.31,96,94,3.58,overcast clouds
148,Hobart,AU,-42.8794,147.3294,288.85,75,75,2.06,broken clouds
149,Port Elizabeth,ZA,-33.918,25.5701,284.31,87,20,5.66,few clouds
150,Saldanha,ZA,-33.0117,17.9442,282.2,73,0,4.63,clear sky
151,Demirci,TR,39.0461,28.6589,293.28,31,0,2.77,clear sky
152,Bilma,NE,18.6853,12.9164,303.95,27,2,2.51,clear sky
153,Saint-Joseph,RE,-21.3667,55.6167,294.93,77,60,4.88,broken clouds
154,Dhidhdhoo,MV,6.8833,73.1,300.73,74,43,5.72,scattered clouds
155,Petropavlovka,RU,50.6114,105.3196,292.73,60,100,0.59,overcast clouds
156,Saskylakh,RU,71.9167,114.0833,293.13,53,16,1.51,few clouds
157,Souillac,MU,-20.5167,57.5167,296.36,68,40,5.66,scattered clouds
158,Allapalli,IN,19.4167,80.0667,298.37,93,100,1.54,overcast clouds
159,Mount Isa,AU,-20.7333,139.5,302.02,21,0,4.63,clear sky
160,Saint Anthony,US,45.0205,-93.218,295.33,89,0,2.57,clear sky
161,Beitbridge,ZW,-22.2167,30.0,289.1,58,0,1.34,clear sky
162,Chulym,RU,55.0997,80.9572,288.91,72,99,5.95,light rain
163,Hami,CN,42.8,93.45,310.02,13,7,0.89,clear sky
164,Male,MV,4.1748,73.5089,301.14,75,95,5.66,overcast clouds
165,Kerrville,US,30.0474,-99.1403,301.79,70,0,5.66,clear sky
166,Wilmington,US,34.2257,-77.9447,299.82,90,0,0.0,clear sky
167,Seydi,TM,39.4816,62.9137,310.65,17,1,6.49,clear sky
168,Hambantota,LK,6.1241,81.1185,302.42,66,98,9.19,overcast clouds
169,Karratha,AU,-20.7377,116.8463,298.18,26,0,2.84,clear sky
170,Waverly,US,42.7392,-84.6208,293.9,94,99,3.61,overcast clouds
171,Witu,KE,-2.3889,40.4382,297.71,71,28,6.06,scattered clouds
172,Diamantino,BR,-14.4086,-56.4461,295.14,46,9,2.26,clear sky
173,Ryotsu,JP,38.0833,138.4333,298.32,76,74,2.42,broken clouds
174,Kruisfontein,ZA,-34.0033,24.7314,282.53,81,76,3.86,light rain
175,Chara,RU,56.9064,118.2631,300.62,42,41,3.42,scattered clouds
176,Dali,CN,25.7,100.1833,295.71,72,99,1.2,overcast clouds
177,Coahuayana,MX,18.7333,-103.6833,297.97,88,48,1.12,scattered clouds
178,Chulman,RU,56.8479,124.9104,300.77,37,58,2.7,broken clouds
179,Omboue,GA,-1.5746,9.2618,293.78,90,32,1.64,scattered clouds
180,Sirohi,IN,24.8833,72.8667,299.83,82,96,5.45,overcast clouds
181,Beringovskiy,RU,63.05,179.3167,280.79,75,100,5.49,overcast clouds
182,Flinders,AU,-34.5833,150.8552,293.25,67,6,1.79,clear sky
183,Aksay,RU,47.26,39.87,291.27,59,24,3.47,few clouds
184,Husavik,IS,66.0449,-17.3389,280.43,92,98,0.25,overcast clouds
185,Mpulungu,ZM,-8.7623,31.1141,293.34,60,3,2.94,clear sky
186,Santa Cruz,BO,-17.8,-63.1667,294.85,83,40,3.09,scattered clouds
187,Manzhouli,CN,49.6,117.4333,294.99,64,100,2.1,light rain
188,Mayo,US,38.8876,-76.5119,299.89,76,0,0.0,clear sky
189,Lakes Entrance,AU,-37.8811,147.981,288.8,60,42,2.97,scattered clouds
190,Guangyuan,CN,32.442,105.823,303.15,57,10,2.59,clear sky
191,Half Moon Bay,US,37.4636,-122.4286,285.06,90,63,2.14,broken clouds
192,Tilichiki,RU,60.4667,166.1,286.31,66,93,2.17,overcast clouds
193,Ust-Maya,RU,60.4167,134.5333,301.09,36,6,3.21,clear sky
194,Santa Rosa,PH,14.3122,121.1114,307.14,63,89,1.47,overcast clouds
195,Pontiac,US,42.6389,-83.2911,297.6,78,76,4.52,broken clouds
196,Pevek,RU,69.7008,170.3133,276.44,80,96,3.97,overcast clouds
197,Komyshuvakha,UA,47.7176,35.5288,295.74,59,0,4.74,clear sky
198,Derzhavinsk,KZ,51.1,66.3167,298.26,34,0,4.95,clear sky
199,Kermanshah,IR,34.3142,47.065,297.65,10,0,0.0,clear sky
200,Morehead,US,37.2711,-87.1764,300.29,76,0,2.57,clear sky
201,La Ronge,CA,55.1001,-105.2842,282.0,94,40,1.19,scattered clouds
202,Torrington,US,41.8007,-73.1212,298.14,81,38,1.56,scattered clouds
203,Bambous Virieux,MU,-20.3428,57.7575,296.29,68,40,5.66,scattered clouds
204,Pahrump,US,36.2083,-115.9839,305.18,32,66,0.89,broken clouds
205,Champerico,GT,14.3,-91.9167,298.54,88,76,3.99,broken clouds
206,Fare,PF,-16.7,-151.0167,299.51,74,1,5.32,light rain
207,Vila Franca Do Campo,PT,37.7167,-25.4333,296.59,92,90,2.02,overcast clouds
208,Kununurra,AU,-15.7667,128.7333,304.14,11,0,2.06,clear sky
209,Iranshahr,IR,27.2025,60.6848,306.26,43,84,2.01,broken clouds
210,Shimoda,JP,34.6667,138.95,305.99,68,92,4.63,overcast clouds
211,College,US,64.8569,-147.8028,292.14,48,40,1.54,haze
212,Kuantan,MY,3.8077,103.326,303.93,61,85,3.08,overcast clouds
213,Bengkulu,ID,-3.8004,102.2655,302.06,68,100,1.47,overcast clouds
214,Hofn,IS,64.2539,-15.2082,284.57,83,87,0.51,overcast clouds
215,Kieta,PG,-6.2167,155.6333,302.14,73,18,3.38,light rain
216,Saint-Georges,GD,12.0564,-61.7485,299.24,77,1,4.73,clear sky
217,Kismayo,SO,-0.3582,42.5454,297.94,74,65,8.53,broken clouds
218,Naze,JP,28.3667,129.4833,303.66,72,100,1.53,overcast clouds
219,Kokopo,PG,-4.352,152.2633,303.35,63,22,7.45,few clouds
220,Itapetininga,BR,-23.5917,-48.0531,288.37,66,54,0.83,broken clouds
221,Kabo,CF,7.6994,18.629,294.06,98,97,0.89,overcast clouds
222,Torbay,CA,47.6666,-52.7314,292.91,85,5,4.02,clear sky
223,Cayenne,GF,4.9333,-52.3333,300.98,1,20,0.0,few clouds
224,Uribia,CO,11.7139,-72.266,299.01,77,0,3.55,clear sky
225,Farafangana,MG,-22.8167,47.8333,291.9,87,10,1.79,clear sky
226,Lokosovo,RU,61.1333,74.8167,283.16,97,100,6.16,moderate rain
227,Vardo,NO,70.3705,31.1107,284.14,82,75,7.72,broken clouds
228,Locri,IT,38.2414,16.2623,298.94,71,0,5.09,clear sky
229,Alice Town,BS,25.7167,-79.3,301.98,71,2,6.26,clear sky
230,Noumea,NC,-22.2763,166.4572,297.14,88,100,4.5,overcast clouds
231,Nioro,GM,13.35,-15.75,297.3,92,91,1.55,light rain
232,Ruwi,OM,23.5996,58.5507,306.41,65,23,1.44,few clouds
233,Bilibino,RU,68.0546,166.4372,291.07,32,91,3.76,overcast clouds
234,Kyaukse,MM,21.6,96.1333,304.15,70,75,2.57,broken clouds
235,Axim,GH,4.8699,-2.2405,296.59,84,49,2.93,scattered clouds
236,Dryden,CA,49.7833,-92.7503,289.31,94,100,3.6,overcast clouds
237,Aklavik,CA,68.2191,-135.0107,280.04,82,100,4.87,overcast clouds
238,Stonehouse,GB,51.75,-2.2833,292.16,88,95,5.99,overcast clouds
239,Muscat,OM,23.6139,58.5922,305.92,68,24,1.56,few clouds
240,Marzuq,YE,14.4,46.4667,299.31,57,83,0.77,broken clouds
241,Gambo,CF,4.6482,22.2633,292.9,96,100,0.54,overcast clouds
242,Lebedyn,UA,50.5852,34.4849,293.63,76,0,2.87,clear sky
243,Ohara,JP,35.25,140.3833,300.81,74,99,6.57,overcast clouds
244,Arawa,PG,-6.2132,155.5367,302.48,73,26,2.25,light rain
245,Mizdah,LY,31.4451,12.9801,293.6,60,0,2.69,clear sky
246,Sassandra,CI,4.95,-6.0833,296.53,81,99,2.52,overcast clouds
247,Ambon,ID,-3.6954,128.1814,299.33,71,69,4.65,broken clouds
248,Bogorodskoye,RU,56.55,37.8833,294.44,65,3,2.49,clear sky
249,Seevetal,DE,53.4,9.9667,286.91,90,22,1.54,few clouds
250,Sahuaripa,MX,29.05,-109.2333,297.08,83,100,1.56,overcast clouds
251,Pombal,BR,-6.7703,-37.8017,295.36,75,20,1.39,few clouds
252,Verkhoyansk,RU,67.5447,133.385,290.56,80,100,1.57,overcast clouds
253,San Pedro,PH,14.35,121.0167,305.41,58,90,1.41,overcast clouds
254,Vilhena,BR,-12.7406,-60.1458,292.99,51,0,1.65,clear sky
255,Maceio,BR,-9.6658,-35.7353,297.84,83,75,2.57,broken clouds
256,Padang,ID,-0.9492,100.3543,303.04,70,61,2.64,light rain
257,Atar,MR,20.5169,-13.0499,301.53,59,100,2.08,overcast clouds
258,Harrison,US,30.4091,-89.0436,300.59,77,1,2.91,clear sky
259,Guarapari,BR,-20.6667,-40.4975,293.09,91,6,2.74,clear sky
260,Bathsheba,BB,13.2167,-59.5167,300.49,85,20,7.2,few clouds
261,Sitka,US,57.0531,-135.33,286.09,88,100,2.06,moderate rain
262,Mutare,ZW,-18.9707,32.6709,284.9,76,1,0.98,clear sky
263,Mastic Beach,US,40.7668,-72.8521,299.26,91,34,3.13,scattered clouds
264,Rawson,AR,-43.3002,-65.1023,278.1,89,100,4.7,overcast clouds
265,Copiapo,CL,-27.3667,-70.3333,282.98,83,0,1.04,clear sky
266,Konya,TR,38.1667,32.5,290.86,55,0,2.01,clear sky
267,Halifax,CA,44.6453,-63.5724,292.98,92,4,3.04,clear sky
268,Biak,ID,-0.9131,122.8766,300.19,73,56,3.16,broken clouds
269,Bure,ET,10.7,37.0667,287.69,97,98,0.58,light rain
270,Necochea,AR,-38.5473,-58.7368,283.4,91,100,3.08,overcast clouds
271,Lucea,JM,18.451,-78.1736,300.07,80,99,3.09,overcast clouds
272,Bredasdorp,ZA,-34.5322,20.0403,283.08,74,56,0.63,broken clouds
273,Calama,CL,-22.4667,-68.9333,277.42,38,0,7.2,clear sky
274,Pangnirtung,CA,66.1451,-65.7125,282.82,76,53,0.18,broken clouds
275,Matinha,BR,-3.1006,-45.0336,295.67,90,50,1.64,scattered clouds
276,Ribeira Grande,PT,38.5167,-28.7,296.1,89,14,2.74,few clouds
277,Hobyo,SO,5.3505,48.5268,298.92,71,66,11.04,broken clouds
278,Srednekolymsk,RU,67.45,153.6833,296.45,25,5,5.26,clear sky
279,Lagos,NG,6.5833,3.75,296.34,93,100,1.17,light rain
280,Roebourne,AU,-20.7833,117.1333,297.91,23,0,2.8,clear sky
281,Neftcala,AZ,39.3742,49.2472,298.62,61,70,6.21,broken clouds
282,Marquette,US,46.5333,-87.6335,288.69,95,90,1.45,overcast clouds
283,Buala,SB,-8.145,159.5921,302.99,64,20,2.67,few clouds
284,Sumbe,AO,-11.2061,13.8437,293.67,90,98,0.68,overcast clouds
285,Fremont,US,37.5483,-121.9886,293.04,80,0,3.09,clear sky
286,Parana,AR,-31.732,-60.5238,292.9,93,1,2.49,clear sky
287,Chapais,CA,49.7834,-74.8492,287.17,91,58,2.39,broken clouds
288,Caibarien,CU,22.5206,-79.4669,298.77,82,37,5.95,scattered clouds
289,Mitsamiouli,KM,-11.3847,43.2844,297.19,70,14,2.1,few clouds
290,Bethel,US,41.3712,-73.414,298.5,81,0,1.54,clear sky
291,Oriximina,BR,-1.7656,-55.8661,296.94,76,44,1.77,scattered clouds
292,Lata,PT,40.1629,-8.3327,287.22,78,0,0.42,clear sky
293,Klaksvik,FO,62.2266,-6.589,283.46,90,99,10.75,overcast clouds
294,Harper,LR,4.375,-7.7169,297.02,74,96,2.41,overcast clouds
295,Gwadar,PK,25.1216,62.3254,301.45,81,100,4.22,overcast clouds
296,Santa Maria Da Vitoria,BR,-13.3947,-44.1886,292.26,63,9,1.53,clear sky
297,Greenville,US,35.6127,-77.3663,299.17,95,0,2.06,clear sky
298,Grindavik,IS,63.8424,-22.4338,283.41,87,75,3.09,broken clouds
299,Belmonte,BR,-15.8631,-38.8828,294.54,81,88,3.2,overcast clouds
300,Motema,SL,8.6,-11.0333,293.78,99,99,0.73,light rain
301,Juodupe,LT,56.0833,25.6167,288.54,97,100,2.11,overcast clouds
302,San Carlos De Bariloche,AR,-41.1456,-71.3082,274.95,75,67,1.35,broken clouds
303,Alice Springs,AU,-23.7,133.8833,300.9,12,0,4.12,clear sky
304,Bosaso,SO,11.2842,49.1816,306.45,36,55,11.63,broken clouds
305,Itoman,JP,26.1247,127.6694,306.36,74,20,3.6,few clouds
306,Ambilobe,MG,-13.2,49.05,295.88,55,14,1.68,few clouds
307,Aljezur,PT,37.3191,-8.8033,294.89,44,25,3.37,scattered clouds
308,Kirgiz-Miyaki,RU,53.6324,54.7979,295.88,66,59,4.21,broken clouds
309,Moerai,PF,-22.4333,-151.3333,295.24,77,86,7.86,overcast clouds
310,Aras,ES,42.5617,-2.356,288.38,77,0,0.51,clear sky
311,Inverell,AU,-29.7833,151.1167,292.1,41,4,2.68,clear sky
312,Hakodate,JP,41.7758,140.7367,296.32,78,75,5.14,moderate rain
313,Novyy Urgal,RU,51.0736,132.5642,299.76,47,0,0.96,clear sky
314,Shingu,JP,33.7333,135.9833,302.05,67,86,2.74,overcast clouds
315,Akhtubinsk,RU,48.2795,46.1722,293.22,72,100,2.29,overcast clouds
316,Moyobamba,PE,-6.05,-76.9667,292.08,94,47,0.25,scattered clouds
317,Constitucion,CL,-35.3333,-72.4167,285.01,90,100,1.1,overcast clouds
318,Moron,AR,-34.6534,-58.6198,287.26,99,58,2.1,broken clouds
319,Zhaotong,CN,27.3167,103.7167,297.68,60,38,2.69,scattered clouds
320,Kidal,ML,18.4411,1.4078,297.31,62,98,11.93,light rain
321,Dharchula,IN,29.85,80.5333,301.21,69,95,2.39,overcast clouds
322,Tutoia,BR,-2.7619,-42.2744,298.29,89,54,4.78,broken clouds
323,Chuy,UY,-33.6971,-53.4616,287.54,98,100,2.78,overcast clouds
324,Soteapan,MX,18.2333,-94.8667,294.79,90,98,2.29,overcast clouds
325,Akkermanovka,RU,51.2467,58.2391,297.95,42,72,3.99,broken clouds
326,Richards Bay,ZA,-28.783,32.0377,289.38,81,81,9.07,light rain
327,Latur,IN,18.4,76.5833,297.66,79,100,6.53,overcast clouds
328,Port Lincoln,AU,-34.7333,135.8667,289.49,59,97,6.06,overcast clouds
329,Port Blair,IN,11.6667,92.75,302.23,73,97,3.06,overcast clouds
330,Flin Flon,CA,54.7682,-101.865,281.69,91,100,2.35,overcast clouds
331,Alpena,US,45.0617,-83.4327,296.33,82,0,1.54,clear sky
332,Fez,MA,34.0372,-4.9998,297.29,27,0,2.06,clear sky
333,Langxiang,CN,46.95,128.8833,292.94,80,100,1.53,heavy intensity rain
334,Sioux Lookout,CA,50.1001,-91.917,286.57,98,36,2.85,scattered clouds
335,Trelleborg,SE,55.3751,13.1569,288.14,80,98,5.62,overcast clouds
336,Ouallam,NE,14.3188,2.0866,300.88,58,100,4.75,overcast clouds
337,Whitehorse,CA,60.7161,-135.0538,288.16,56,91,3.45,overcast clouds
338,Sungaipenuh,ID,-2.0833,101.3833,297.45,75,92,0.76,overcast clouds
339,Ulfborg,DK,56.2673,8.3217,285.36,85,84,4.87,broken clouds
340,Spasskoye,RU,44.6108,132.7969,291.49,96,100,2.99,overcast clouds
341,Adrar,MR,20.5022,-10.0711,303.11,49,12,6.63,few clouds
342,Luanda,AO,-8.8368,13.2343,294.15,88,75,2.57,broken clouds
343,Yueyang,CN,29.3333,113.0919,307.25,61,18,3.12,few clouds
344,Emerald,AU,-23.5333,148.1667,295.56,49,0,3.36,clear sky
345,Balabac,PH,7.9868,117.0645,303.26,67,74,2.11,broken clouds
346,Kaoma,ZM,-14.7833,24.8,283.33,79,1,2.53,clear sky
347,Kemijarvi,FI,66.7131,27.4306,286.52,65,10,3.27,clear sky
348,Haines Junction,CA,60.7522,-137.5108,286.12,47,64,5.14,broken clouds
349,Grenfell,AU,-33.9,148.1667,288.96,53,7,0.67,clear sky
350,Shulan,CN,44.4167,126.95,295.36,83,100,3.31,moderate rain
351,Labuhan,ID,-6.8844,112.2051,302.43,63,45,2.7,scattered clouds
352,Narsaq,GL,60.9167,-46.05,280.63,84,100,0.78,overcast clouds
353,Sidhi,IN,24.4167,81.8833,305.76,55,73,3.19,broken clouds
354,Oranjemund,NA,-28.55,16.4333,283.93,62,0,4.12,clear sky
355,San Isidro,PE,-12.1167,-77.05,289.27,85,100,3.09,overcast clouds
356,Pointe Michel,DM,15.25,-61.3833,299.69,76,5,6.27,clear sky
357,Rabak,SD,13.1809,32.74,297.0,79,97,8.39,light rain
358,Naukot,PK,24.8587,69.4024,300.44,89,100,6.81,overcast clouds
359,Dongobesh,TZ,-4.0667,35.3833,284.36,82,44,2.49,scattered clouds
360,Bayji,IQ,34.9311,43.487,308.65,11,0,3.22,clear sky
361,Kubrat,BG,43.8,26.5,299.14,35,0,1.94,clear sky
362,Novo Cruzeiro,BR,-17.4681,-41.8753,285.69,99,2,0.97,clear sky
363,Poum,NC,-20.2333,164.0167,296.7,71,80,4.07,broken clouds
364,Kavaratti,IN,10.5669,72.642,300.55,76,98,7.2,overcast clouds
365,Mount Gambier,AU,-37.8333,140.7667,289.98,66,59,3.92,broken clouds
366,Kaeo,NZ,-35.1,173.7833,287.22,94,100,9.3,light rain
367,Lavrentiya,RU,65.5833,-171.0,278.5,94,100,4.17,light rain
368,Bereda,ES,43.2686,-7.5406,287.82,96,23,0.63,few clouds
369,Meulaboh,ID,4.1363,96.1285,301.82,71,70,2.17,light rain
370,Tommot,RU,58.9564,126.2925,304.27,47,30,0.87,scattered clouds
371,Longjiang,CN,47.3303,123.1836,297.55,65,100,2.44,overcast clouds
372,West Bend,US,43.4253,-88.1834,292.96,94,100,4.25,overcast clouds
373,Birao,CF,10.2849,22.7882,295.53,90,100,1.7,overcast clouds
374,Ixtapa,MX,20.7,-105.2,301.72,79,75,2.57,broken clouds
375,Fortuna,US,40.5982,-124.1573,287.23,83,7,0.67,clear sky
376,Isla Vista,US,34.4133,-119.861,295.33,77,0,1.54,clear sky
377,Havre-Saint-Pierre,CA,50.2334,-63.5986,288.47,92,74,3.48,broken clouds
378,Plouzane,FR,48.3833,-4.6167,289.48,91,26,5.25,scattered clouds
379,Namatanai,PG,-3.6667,152.4333,301.58,76,78,4.41,light rain
380,Warmbad,NA,-28.45,18.7333,279.99,64,0,4.36,clear sky
381,Nabire,ID,-3.3667,135.4833,300.93,82,79,0.85,broken clouds
382,Kahului,US,20.8947,-156.47,300.16,62,20,8.75,few clouds
383,Cradock,ZA,-32.1642,25.6192,279.82,66,67,2.77,broken clouds
384,Maumere,ID,-8.6199,122.2111,300.29,54,23,4.02,few clouds
385,Campbellton,CA,48.0075,-66.6727,290.45,90,28,1.86,scattered clouds
386,Qingdao,CN,36.0986,120.3719,301.43,61,0,2.82,clear sky
387,Ternate,ID,0.8,127.4,301.33,77,27,3.89,scattered clouds
388,Wagar,SD,16.1525,36.2032,301.78,60,86,12.15,overcast clouds
389,Garissa,KE,-0.4536,39.6401,295.5,73,77,8.31,broken clouds
390,Antalaha,MG,-14.9003,50.2788,294.15,86,72,2.78,light rain
391,Bocas Del Toro,PA,9.3333,-82.25,299.37,81,100,2.42,overcast clouds
392,Yining,CN,29.0361,114.5636,307.24,58,91,1.93,overcast clouds
393,Vestmannaeyjar,IS,63.4427,-20.2734,284.71,86,84,1.29,broken clouds
394,Saint-Augustin,CA,51.226,-58.6502,288.23,86,38,2.6,scattered clouds
395,Mulege,MX,26.8833,-111.9833,304.74,55,97,2.61,overcast clouds
396,Hokitika,NZ,-42.7167,170.9667,282.69,83,100,0.31,overcast clouds
397,Ano Mera,GR,37.45,25.4,296.81,72,0,8.35,clear sky
398,Cabo San Lucas,MX,22.8909,-109.9124,300.1,84,81,2.02,broken clouds
399,Baghmara,IN,23.795,86.2085,302.66,70,100,5.66,overcast clouds
400,Olinda,BR,-8.0089,-34.8553,296.92,85,67,6.72,broken clouds
401,Soyo,AO,-6.1349,12.3689,293.47,94,26,2.21,scattered clouds
402,Requena,ES,39.4883,-1.1004,291.92,60,0,0.33,clear sky
403,Aviles,ES,43.5547,-5.9248,291.69,90,0,2.06,clear sky
404,Tazovskiy,RU,67.4667,78.7,291.09,70,75,2.94,broken clouds
405,Ziarat,PK,30.3823,67.7282,292.88,67,99,3.3,overcast clouds
406,Simpang,ID,-1.2667,104.0833,301.8,79,99,0.72,overcast clouds
407,Dabola,GN,10.75,-11.1167,294.72,99,100,1.17,heavy intensity rain
408,Kargil,IN,34.5667,76.1,293.05,40,66,1.48,broken clouds
409,Pitimbu,BR,-7.4706,-34.8086,295.48,88,78,6.31,broken clouds
410,Kavieng,PG,-2.5744,150.7967,302.87,68,24,5.39,few clouds
411,Savannah Bight,HN,16.45,-85.85,301.19,82,50,8.41,scattered clouds
412,Bonavista,CA,48.6499,-53.1147,289.98,96,4,4.37,clear sky
413,Tautira,PF,-17.7333,-149.15,299.7,74,1,7.22,light rain
414,Saint George,US,37.1041,-113.5841,305.51,34,0,3.6,clear sky
415,Fort Nelson,CA,58.8053,-122.7002,287.92,94,75,1.54,broken clouds
416,Nichinan,JP,31.6,131.3667,303.19,63,91,4.07,overcast clouds
417,Marawi,PH,7.9986,124.2928,298.94,80,97,1.56,overcast clouds
418,Dosso,NE,13.049,3.1937,299.13,77,100,4.72,light rain
419,Bowmore,US,34.9421,-79.3031,297.3,80,0,3.08,clear sky
420,Ellisras,ZA,-23.6649,27.7443,285.81,68,4,1.44,clear sky
421,Monastyrshchina,RU,54.3496,31.838,292.33,86,69,3.43,broken clouds
422,Muncar,ID,-8.4333,114.3333,300.56,58,42,4.87,scattered clouds
423,Nkan,GA,0.3833,9.7833,295.72,81,90,0.94,overcast clouds
424,Fairfield,US,41.2668,-73.3162,298.58,85,0,2.06,clear sky
425,San Patricio,US,28.017,-97.5169,302.09,78,27,6.66,scattered clouds
426,Lima,PE,-12.0432,-77.0282,288.65,85,100,3.09,overcast clouds
427,Geraldton,AU,-28.7667,114.6,290.38,63,2,4.12,clear sky
428,Avera,US,33.194,-82.5271,298.88,79,31,3.42,scattered clouds
429,Shelburne,CA,44.0787,-80.2041,294.59,78,43,5.19,scattered clouds
430,Koslan,RU,63.4564,48.8989,289.5,94,99,2.2,overcast clouds
431,Buzim,BA,45.0547,16.0319,293.8,75,81,0.55,broken clouds
432,Pathein,MM,16.7833,94.7333,303.51,67,99,2.39,overcast clouds
433,Kingman,US,35.1894,-114.053,304.86,29,0,3.09,clear sky
434,Shamary,RU,57.3434,58.2199,296.13,59,44,2.97,scattered clouds
435,Broken Hill,AU,-31.95,141.4333,293.95,41,0,7.04,clear sky
436,Zhigansk,RU,66.7697,123.3711,291.02,61,35,4.36,scattered clouds
437,Careiro Da Varzea,BR,-3.2003,-59.8119,299.49,77,49,1.39,scattered clouds
438,South Charleston,US,38.3684,-81.6996,294.79,98,40,0.0,mist
439,Sinjar,IQ,36.3209,41.8754,306.31,13,0,3.79,clear sky
440,Taga,RO,46.95,24.05,296.24,42,53,0.21,broken clouds
441,Trincomalee,LK,8.5711,81.2335,302.81,66,94,6.62,overcast clouds
442,Simao,CN,22.7886,100.9748,298.43,68,83,1.8,broken clouds
443,Palu,ID,-0.8917,119.8707,302.07,82,55,1.62,broken clouds
444,Kathu,TH,7.9178,98.3332,303.05,99,68,0.94,broken clouds
445,Bathurst,AU,-33.4166,149.5806,288.16,51,0,0.44,clear sky
446,Qena,EG,26.1615,32.7183,302.86,23,44,4.39,scattered clouds
447,Laguna,US,38.421,-121.4238,299.64,46,0,3.09,clear sky
448,Jackson,US,42.4165,-122.8345,297.08,33,0,3.09,clear sky
449,Chitral,PK,35.8462,71.7858,302.42,53,57,2.47,broken clouds
450,Leh,IN,34.1667,77.5833,294.36,40,37,2.43,scattered clouds
451,Japura,ID,-0.3167,102.35,301.32,82,100,0.19,overcast clouds
452,Lazaro Cardenas,MX,17.9583,-102.2,299.68,83,59,2.12,broken clouds
453,Tura,IN,25.5198,90.2201,297.79,93,100,0.83,overcast clouds
454,Ponerihouen,NC,-21.0833,165.4,298.23,79,51,1.89,broken clouds
455,Zabol,AF,32.25,67.25,300.82,41,60,6.32,broken clouds
456,Miri,MY,4.4148,114.0089,302.23,84,40,2.57,thunderstorm
457,Nouadhibou,MR,20.931,-17.0347,294.24,96,100,1.25,moderate rain
458,Athni,IN,16.7333,75.0667,299.91,64,100,8.11,overcast clouds
459,Alyangula,AU,-13.8483,136.4192,296.41,67,72,0.67,broken clouds
460,Kibaya,TZ,-5.3,36.5667,285.86,83,48,3.0,scattered clouds
461,Mezen,RU,65.8522,44.24,288.51,55,62,2.35,broken clouds
462,Santa Maria,BR,-29.6842,-53.8069,291.69,92,100,1.42,overcast clouds
463,Benjamin Constant,BR,-4.3831,-70.0311,296.22,100,100,0.87,overcast clouds
464,Libreville,GA,0.3925,9.4537,296.4,78,96,1.67,overcast clouds
465,Ahipara,NZ,-35.1667,173.1667,287.09,92,100,9.56,moderate rain
466,Te Anau,NZ,-45.4167,167.7167,279.48,88,17,0.67,few clouds
467,Xichang,CN,27.8964,102.2634,299.11,64,94,1.75,overcast clouds
468,Peplos,GR,40.9583,26.2656,294.74,40,0,3.07,clear sky
469,Sicamous,CA,50.8331,-118.9856,295.69,49,6,1.63,clear sky
470,Leningradskiy,RU,69.3833,178.4167,275.01,90,100,1.12,overcast clouds
471,Surt,LY,31.2089,16.5887,299.91,68,0,4.69,clear sky
472,Norwich,GB,52.6278,1.2983,292.16,79,20,5.14,few clouds
473,Ondjiva,AO,-17.0667,15.7333,285.53,47,0,1.73,clear sky
474,Mehamn,NO,71.0357,27.8492,283.12,93,100,10.29,overcast clouds
475,Mizan Teferi,ET,6.9833,35.5833,291.8,77,97,0.62,overcast clouds
476,Chumikan,RU,54.7183,135.315,299.01,43,42,1.4,scattered clouds
477,Jizan,SA,17.3333,42.6667,301.67,54,100,3.32,overcast clouds
478,Millinocket,US,45.6573,-68.7098,294.21,88,0,0.0,clear sky
479,Dingle,PH,10.9995,122.6711,303.39,71,89,0.45,overcast clouds
480,Rudbar,AF,30.15,62.6,310.03,22,70,5.95,broken clouds
481,Lompoc,US,34.6391,-120.4579,287.33,88,100,6.26,overcast clouds
482,Orhei,MD,47.3831,28.8231,298.06,36,3,2.82,clear sky
483,Owando,CG,-0.4819,15.8999,294.3,95,13,1.17,few clouds
484,Alta Floresta,BR,-9.8756,-56.0861,293.97,49,16,1.11,few clouds
485,Grand Gaube,MU,-20.0064,57.6608,296.37,65,56,3.13,broken clouds
486,Takhtamygda,RU,54.1,123.5667,301.31,40,39,1.62,scattered clouds
487,Porto Novo,BJ,6.4965,2.6036,298.05,90,94,1.86,light rain
488,Dossor,KZ,47.5272,52.9811,301.28,37,68,4.98,broken clouds
489,Colares,PT,38.7992,-9.4469,293.59,70,6,5.81,clear sky
490,Hamilton,US,39.1834,-84.5333,300.31,81,0,3.6,clear sky
491,Victoria,HK,22.2855,114.1577,304.9,66,0,4.88,clear sky
492,Nikel,RU,69.4128,30.222,284.25,73,69,7.93,broken clouds
493,Yuancheng,CN,36.652,107.7896,300.97,39,1,6.28,clear sky
494,Bayir,TR,37.2687,28.2167,297.66,30,0,3.1,clear sky
495,Sobolevo,RU,54.4299,31.8996,292.39,89,69,3.26,broken clouds
496,Port Keats,AU,-14.25,129.55,301.54,19,5,3.93,clear sky
497,Qarqin,AF,37.4185,66.0436,313.75,11,0,5.35,clear sky
498,Kuruman,ZA,-27.4524,23.4325,274.81,79,0,6.57,clear sky
499,Eyl,SO,7.9803,49.8164,300.44,58,31,13.07,scattered clouds
500,Rundu,NA,-17.9333,19.7667,285.23,51,0,2.65,clear sky
501,Luderitz,NA,-26.6481,15.1594,287.45,59,0,5.1,clear sky
502,Rorvik,NO,64.8621,11.2373,285.07,85,100,2.67,overcast clouds
503,Fukue,JP,32.6881,128.8419,301.09,86,56,5.64,broken clouds
504,Gerash,IR,27.6652,54.1371,305.23,43,79,2.11,broken clouds
505,Lorengau,PG,-2.0226,147.2712,302.66,71,55,4.43,broken clouds
506,Puri,IN,19.8,85.85,302.8,76,100,5.67,moderate rain
507,Altoona,US,40.5187,-78.3947,294.29,81,55,1.3,broken clouds
508,Mapiripan,CO,2.8892,-72.1256,295.31,97,95,1.19,overcast clouds
509,Martapura,ID,-3.4167,114.85,305.2,58,40,1.54,scattered clouds
510,Quang Ngai,VN,15.1167,108.8,306.72,48,4,3.63,clear sky
511,Itarema,BR,-2.9248,-39.9167,299.08,81,32,6.94,scattered clouds
512,Fairburn,US,33.5671,-84.581,298.65,90,20,1.54,few clouds
513,Los Llanos De Aridane,ES,28.6585,-17.9182,293.01,94,100,3.6,overcast clouds
514,Ulaanbaatar,MN,47.9077,106.8832,294.22,46,40,4.0,scattered clouds
515,Ruteng,ID,-8.6136,120.4721,295.33,51,66,0.76,broken clouds
516,Nizwa,OM,22.9333,57.5333,304.69,57,33,1.86,scattered clouds
517,Nueve De Julio,AR,-35.4444,-60.8831,288.3,96,86,3.64,overcast clouds
518,San Juan,AR,-31.5375,-68.5364,286.84,29,0,1.52,clear sky
519,Luena,AO,-11.7833,19.9167,284.95,56,48,1.7,scattered clouds
520,Rio Verde De Mato Grosso,BR,-18.9181,-54.8442,295.07,41,72,2.36,broken clouds
521,Minsk,BY,53.9,27.5667,291.01,96,97,1.03,overcast clouds
522,Mawlaik,MM,23.6333,94.4167,301.46,87,99,0.27,light rain
523,Tamale,GH,9.4008,-0.8393,293.91,97,99,2.33,overcast clouds
524,San Vicente,AR,-26.6167,-54.1333,289.44,80,79,1.49,broken clouds
525,Manicore,BR,-5.8092,-61.3003,295.12,94,0,0.51,clear sky
526,Poitiers,FR,46.5833,0.3333,289.19,55,1,1.54,clear sky
527,Muros,ES,42.7762,-9.0603,288.62,89,3,1.93,clear sky
528,Zaysan,KZ,47.4667,84.8667,302.35,19,15,3.99,few clouds
529,Hazorasp,UZ,41.3194,61.0742,304.06,23,0,7.45,clear sky
530,Mishkino,RU,55.3389,63.9175,294.21,64,61,3.85,broken clouds
531,Shache,CN,38.4167,77.2406,311.22,7,6,1.79,clear sky
532,Mathbaria,BD,22.2876,89.9593,300.66,84,100,3.6,heavy intensity rain
533,Puertollano,ES,38.6871,-4.1073,298.24,18,0,1.09,clear sky
534,Jiayuguan,CN,39.8167,98.3,305.3,11,0,2.13,clear sky
535,Seoul,KR,37.5683,126.9778,300.81,78,75,2.06,broken clouds
536,Inuvik,CA,68.3499,-133.7218,283.57,100,75,4.12,broken clouds
537,Auchi,NG,7.0667,6.2667,294.51,98,100,0.67,light rain
538,Luganville,VU,-15.5333,167.1667,300.89,74,13,2.86,few clouds
539,Nchelenge,ZM,-9.3451,28.734,290.06,61,9,3.09,clear sky
540,Andros Town,BS,24.7,-77.7667,301.13,73,2,6.51,clear sky
541,Loding,NO,67.3,14.75,285.84,88,0,1.79,clear sky
